{"cameraMode":{"drawMode":0,"name":"Shaded","section":"Shading Mode"},"sceneLighting":false,"audioPlay":false,"sceneViewState":{"showFog":true,"showMaterialUpdate":false,"showSkybox":false,"showFlares":true,"showImageEffects":true,"showParticleSystems":true},"in2DMode":false,"pivot":{"x":2.8332340717315676,"y":1.2869439125061036,"z":1.1383291482925416},"rotation":{"x":-0.1708168387413025,"y":-0.6339495182037354,"z":0.14630237221717835,"w":-0.7401599884033203},"size":9.77766227722168,"orthographic":false}