{"cameraMode":{"drawMode":0,"name":"Shaded","section":"Shading Mode"},"sceneLighting":true,"audioPlay":false,"sceneViewState":{"showFog":true,"showMaterialUpdate":false,"showSkybox":true,"showFlares":true,"showImageEffects":true,"showParticleSystems":true},"in2DMode":false,"pivot":{"x":1.061721682548523,"y":1.923337697982788,"z":-3.673116683959961},"rotation":{"x":-0.0012252068845555187,"y":-0.9994250535964966,"z":0.03729462996125221,"w":-0.014172833412885666},"size":7.5351667404174809,"orthographic":false}