{"cameraMode":{"drawMode":0,"name":"Shaded","section":"Shading Mode"},"sceneLighting":false,"audioPlay":false,"sceneViewState":{"showFog":true,"showMaterialUpdate":false,"showSkybox":false,"showFlares":true,"showImageEffects":true,"showParticleSystems":true},"in2DMode":false,"pivot":{"x":-3.8210785388946535,"y":2.2631890773773195,"z":-1.0330703258514405},"rotation":{"x":-0.05318509787321091,"y":-0.7503160238265991,"z":-0.06058735027909279,"w":0.6564537286758423},"size":6.733675956726074,"orthographic":false}