{"cameraMode":{"drawMode":0,"name":"Shaded","section":"Shading Mode"},"sceneLighting":false,"audioPlay":false,"sceneViewState":{"showFog":true,"showMaterialUpdate":false,"showSkybox":false,"showFlares":true,"showImageEffects":true,"showParticleSystems":true},"in2DMode":false,"pivot":{"x":1.5173306465148926,"y":-0.57781982421875,"z":0.6921988725662231},"rotation":{"x":-0.17597515881061555,"y":-0.4545116424560547,"z":0.09188508242368698,"w":-0.8685451745986939},"size":2.8578836917877199,"orthographic":false}