{"cameraMode":{"drawMode":0,"name":"Shaded","section":"Shading Mode"},"sceneLighting":false,"audioPlay":false,"sceneViewState":{"showFog":true,"showMaterialUpdate":false,"showSkybox":false,"showFlares":true,"showImageEffects":true,"showParticleSystems":true},"in2DMode":false,"pivot":{"x":-0.22494915127754212,"y":2.350314140319824,"z":-0.571740984916687},"rotation":{"x":-0.05516057461500168,"y":-0.8662152886390686,"z":0.0981341302394867,"w":-0.4868834614753723},"size":4.744140625,"orthographic":false}