{"cameraMode":{"drawMode":0,"name":"Shaded","section":"Shading Mode"},"sceneLighting":false,"audioPlay":false,"sceneViewState":{"showFog":true,"showMaterialUpdate":false,"showSkybox":false,"showFlares":true,"showImageEffects":true,"showParticleSystems":true},"in2DMode":false,"pivot":{"x":3.4794461727142336,"y":1.2509121894836426,"z":1.9287617206573487},"rotation":{"x":-0.05196938291192055,"y":-0.5429865717887878,"z":0.03341103717684746,"w":-0.8377013802528381},"size":6.733675956726074,"orthographic":false}