{"cameraMode":{"drawMode":0,"name":"Shaded","section":"Shading Mode"},"sceneLighting":true,"audioPlay":false,"sceneViewState":{"showFog":true,"showMaterialUpdate":false,"showSkybox":true,"showFlares":true,"showImageEffects":true,"showParticleSystems":true},"in2DMode":false,"pivot":{"x":10.882528305053711,"y":-1.4110691547393799,"z":5.977182388305664},"rotation":{"x":-0.17308254539966584,"y":-0.45737773180007937,"z":0.09106093645095825,"w":-0.8676950335502625},"size":22.0,"orthographic":false}