{"cameraMode":{"drawMode":0,"name":"Shaded","section":"Shading Mode"},"sceneLighting":true,"audioPlay":false,"sceneViewState":{"showFog":true,"showMaterialUpdate":false,"showSkybox":true,"showFlares":true,"showImageEffects":true,"showParticleSystems":true},"in2DMode":false,"pivot":{"x":-10.247990608215332,"y":-13.983994483947754,"z":-4.266008377075195},"rotation":{"x":0.16996435821056367,"y":-0.7351447939872742,"z":0.19993193447589875,"w":0.6251286864280701},"size":36.01790237426758,"orthographic":false}