{"cameraMode":{"drawMode":0,"name":"Shaded","section":"Shading Mode"},"sceneLighting":false,"audioPlay":false,"sceneViewState":{"showFog":true,"showMaterialUpdate":false,"showSkybox":false,"showFlares":true,"showImageEffects":true,"showParticleSystems":true},"in2DMode":false,"pivot":{"x":-3.659593105316162,"y":0.8635319471359253,"z":1.3208764791488648},"rotation":{"x":0.19824106991291047,"y":-0.5043945908546448,"z":0.12031395733356476,"w":0.8318222761154175},"size":2.9434409141540529,"orthographic":false}