{"cameraMode":{"drawMode":0,"name":"Shaded","section":"Shading Mode"},"sceneLighting":false,"audioPlay":false,"sceneViewState":{"showFog":true,"showMaterialUpdate":false,"showSkybox":false,"showFlares":true,"showImageEffects":true,"showParticleSystems":true},"in2DMode":false,"pivot":{"x":-3.9885478019714357,"y":0.7300000190734863,"z":0.19999991357326508},"rotation":{"x":0.1707029938697815,"y":-0.7272326946258545,"z":0.19547824561595918,"w":0.6355306506156921},"size":4.743441104888916,"orthographic":false}