{"cameraMode":{"drawMode":0,"name":"Shaded","section":"Shading Mode"},"sceneLighting":false,"audioPlay":false,"sceneViewState":{"showFog":true,"showMaterialUpdate":false,"showSkybox":false,"showFlares":true,"showImageEffects":true,"showParticleSystems":true},"in2DMode":false,"pivot":{"x":13.259550094604493,"y":19.399127960205079,"z":5.646717071533203},"rotation":{"x":-0.06890124827623368,"y":0.7207469940185547,"z":-0.07227138429880142,"w":-0.6860769391059876},"size":13.739591598510743,"orthographic":false}