{"cameraMode":{"drawMode":0,"name":"Shaded","section":"Shading Mode"},"sceneLighting":false,"audioPlay":false,"sceneViewState":{"showFog":true,"showMaterialUpdate":false,"showSkybox":false,"showFlares":true,"showImageEffects":true,"showParticleSystems":true},"in2DMode":false,"pivot":{"x":-0.12999725341796876,"y":0.2882270812988281,"z":-5.699999809265137},"rotation":{"x":0.10848169773817063,"y":-0.6871945858001709,"z":0.1049460843205452,"w":0.71067214012146},"size":49.985572814941409,"orthographic":false}