{"cameraMode":{"drawMode":0,"name":"Shaded","section":"Shading Mode"},"sceneLighting":false,"audioPlay":false,"sceneViewState":{"showFog":true,"showMaterialUpdate":false,"showSkybox":false,"showFlares":true,"showImageEffects":true,"showParticleSystems":true},"in2DMode":false,"pivot":{"x":12.687664031982422,"y":15.260993003845215,"z":2.2379541397094728},"rotation":{"x":0.19442987442016602,"y":-0.6988322734832764,"z":0.2070941925048828,"w":0.6565492749214172},"size":49.985572814941409,"orthographic":false}