{"cameraMode":{"drawMode":0,"name":"Shaded","section":"Shading Mode"},"sceneLighting":true,"audioPlay":false,"sceneViewState":{"showFog":true,"showMaterialUpdate":false,"showSkybox":true,"showFlares":true,"showImageEffects":true,"showParticleSystems":true},"in2DMode":false,"pivot":{"x":8.29818058013916,"y":-0.7801048755645752,"z":-0.4709695279598236},"rotation":{"x":0.17687702178955079,"y":-0.6339427828788757,"z":0.15221235156059266,"w":0.7374176979064941},"size":9.7189302444458,"orthographic":false}