{"cameraMode":{"drawMode":0,"name":"Shaded","section":"Shading Mode"},"sceneLighting":true,"audioPlay":false,"sceneViewState":{"showFog":true,"showMaterialUpdate":false,"showSkybox":true,"showFlares":true,"showImageEffects":true,"showParticleSystems":true},"in2DMode":false,"pivot":{"x":0.6925601959228516,"y":-2.785841464996338,"z":1.0466697216033936},"rotation":{"x":0.10155650973320008,"y":-0.676620364189148,"z":0.09501286596059799,"w":0.7232106328010559},"size":25.626567840576173,"orthographic":false}