{"cameraMode":{"drawMode":0,"name":"Shaded","section":"Shading Mode"},"sceneLighting":false,"audioPlay":false,"sceneViewState":{"showFog":true,"showMaterialUpdate":false,"showSkybox":false,"showFlares":true,"showImageEffects":true,"showParticleSystems":true},"in2DMode":false,"pivot":{"x":-2.8696093559265138,"y":15.24548053741455,"z":-3.566835641860962},"rotation":{"x":0.0822666585445404,"y":-0.7135124206542969,"z":0.08493510633707047,"w":0.6907190084457398},"size":19.404233932495118,"orthographic":false}