{"cameraMode":{"drawMode":0,"name":"Shaded","section":"Shading Mode"},"sceneLighting":true,"audioPlay":false,"sceneViewState":{"showFog":true,"showMaterialUpdate":false,"showSkybox":true,"showFlares":true,"showImageEffects":true,"showParticleSystems":true},"in2DMode":false,"pivot":{"x":4.3005876541137699,"y":0.40765380859375,"z":-2.5859804153442385},"rotation":{"x":-0.023045286536216737,"y":0.9724351167678833,"z":-0.20453374087810517,"w":-0.10956648737192154},"size":10.0,"orthographic":false}