{"cameraMode":{"drawMode":0,"name":"Shaded","section":"Shading Mode"},"sceneLighting":false,"audioPlay":false,"sceneViewState":{"showFog":true,"showMaterialUpdate":false,"showSkybox":false,"showFlares":true,"showImageEffects":true,"showParticleSystems":true},"in2DMode":false,"pivot":{"x":-2.8189303874969484,"y":-0.3997994661331177,"z":1.5811126232147217},"rotation":{"x":-0.28836995363235476,"y":-0.4231690764427185,"z":0.1444968581199646,"w":-0.8470754623413086},"size":7.402438640594482,"orthographic":false}