{"cameraMode":{"drawMode":0,"name":"Shaded","section":"Shading Mode"},"sceneLighting":false,"audioPlay":false,"sceneViewState":{"showFog":true,"showMaterialUpdate":false,"showSkybox":false,"showFlares":true,"showImageEffects":true,"showParticleSystems":true},"in2DMode":false,"pivot":{"x":35.93311309814453,"y":-0.5324234962463379,"z":9.54324722290039},"rotation":{"x":0.2085302323102951,"y":0.09223125874996185,"z":0.02585088089108467,"w":-0.9739066362380981},"size":134.03733825683595,"orthographic":false}