{"cameraMode":{"drawMode":0,"name":"Shaded","section":"Shading Mode"},"sceneLighting":false,"audioPlay":false,"sceneViewState":{"showFog":true,"showMaterialUpdate":false,"showSkybox":false,"showFlares":true,"showImageEffects":true,"showParticleSystems":true},"in2DMode":false,"pivot":{"x":0.0,"y":0.8700008392333984,"z":-2.2774481773376467},"rotation":{"x":0.009606201201677323,"y":0.9463536739349365,"z":-0.32241302728652956,"w":0.032606545835733417},"size":13.572737693786621,"orthographic":false}