{"cameraMode":{"drawMode":0,"name":"Shaded","section":"Shading Mode"},"sceneLighting":false,"audioPlay":false,"sceneViewState":{"showFog":true,"showMaterialUpdate":false,"showSkybox":false,"showFlares":true,"showImageEffects":true,"showParticleSystems":true},"in2DMode":false,"pivot":{"x":8.85082721710205,"y":12.003788948059082,"z":13.770956039428711},"rotation":{"x":-0.00037186036934144795,"y":0.9969886541366577,"z":-0.08023907244205475,"w":-0.002502542221918702},"size":4.098701477050781,"orthographic":false}