{"cameraMode":{"drawMode":0,"name":"Shaded","section":"Shading Mode"},"sceneLighting":true,"audioPlay":false,"sceneViewState":{"showFog":true,"showMaterialUpdate":false,"showSkybox":true,"showFlares":true,"showImageEffects":true,"showParticleSystems":true},"in2DMode":false,"pivot":{"x":115.17025756835938,"y":-229.01889038085938,"z":-261.3013916015625},"rotation":{"x":-0.007240290753543377,"y":0.9452905058860779,"z":-0.3280888497829437,"w":-0.0036781926173716785},"size":567.9746704101563,"orthographic":false}