{"cameraMode":{"drawMode":0,"name":"Shaded","section":"Shading Mode"},"sceneLighting":false,"audioPlay":false,"sceneViewState":{"showFog":true,"showMaterialUpdate":false,"showSkybox":false,"showFlares":true,"showImageEffects":true,"showParticleSystems":true},"in2DMode":false,"pivot":{"x":-3.873880386352539,"y":3.2682342529296877,"z":-4.554075241088867},"rotation":{"x":-0.0413917638361454,"y":0.9589016437530518,"z":-0.20119215548038484,"w":-0.1974177062511444},"size":10.695700645446778,"orthographic":false}