{"cameraMode":{"drawMode":0,"name":"Shaded","section":"Shading Mode"},"sceneLighting":false,"audioPlay":false,"sceneViewState":{"showFog":true,"showMaterialUpdate":false,"showSkybox":false,"showFlares":true,"showImageEffects":true,"showParticleSystems":true},"in2DMode":false,"pivot":{"x":9.753989219665528,"y":2.546304225921631,"z":-4.398430824279785},"rotation":{"x":0.10495719313621521,"y":0.7773155570030212,"z":-0.1350029855966568,"w":0.605786144733429},"size":13.802417755126954,"orthographic":false}