{"cameraMode":{"drawMode":0,"name":"Shaded","section":"Shading Mode"},"sceneLighting":false,"audioPlay":false,"sceneViewState":{"showFog":true,"showMaterialUpdate":false,"showSkybox":false,"showFlares":true,"showImageEffects":true,"showParticleSystems":true},"in2DMode":false,"pivot":{"x":75.1096420288086,"y":0.86517333984375,"z":70.2987289428711},"rotation":{"x":-0.06811585277318955,"y":0.9303295016288757,"z":-0.2225165069103241,"w":-0.28421497344970705},"size":12.375401496887207,"orthographic":false}