{"cameraMode":{"drawMode":0,"name":"Shaded","section":"Shading Mode"},"sceneLighting":false,"audioPlay":false,"sceneViewState":{"showFog":true,"showMaterialUpdate":false,"showSkybox":false,"showFlares":true,"showImageEffects":true,"showParticleSystems":true},"in2DMode":false,"pivot":{"x":2.8246493339538576,"y":1.0046613216400147,"z":2.5488972663879396},"rotation":{"x":-0.14334537088871003,"y":0.3857057988643646,"z":-0.06074170395731926,"w":-0.9094705581665039},"size":4.719776153564453,"orthographic":false}