{"cameraMode":{"drawMode":0,"name":"Shaded","section":"Shading Mode"},"sceneLighting":false,"audioPlay":false,"sceneViewState":{"showFog":true,"showMaterialUpdate":false,"showSkybox":false,"showFlares":true,"showImageEffects":true,"showParticleSystems":true},"in2DMode":false,"pivot":{"x":-4.336950778961182,"y":-0.13435888290405274,"z":-3.3931617736816408},"rotation":{"x":0.17948287725448609,"y":-0.6139342784881592,"z":0.14581365883350373,"w":0.7550088763237},"size":4.727635860443115,"orthographic":false}