{"cameraMode":{"drawMode":0,"name":"Shaded","section":"Shading Mode"},"sceneLighting":false,"audioPlay":false,"sceneViewState":{"showFog":true,"showMaterialUpdate":false,"showSkybox":false,"showFlares":true,"showImageEffects":true,"showParticleSystems":true},"in2DMode":false,"pivot":{"x":1.657566785812378,"y":1.5880773067474366,"z":2.629957675933838},"rotation":{"x":-0.10991007089614868,"y":0.5343138575553894,"z":-0.07025443762540817,"w":-0.8352455496788025},"size":7.071043014526367,"orthographic":false}