{"cameraMode":{"drawMode":0,"name":"Shaded","section":"Shading Mode"},"sceneLighting":true,"audioPlay":false,"sceneViewState":{"showFog":true,"showMaterialUpdate":false,"showSkybox":true,"showFlares":true,"showImageEffects":true,"showParticleSystems":true},"in2DMode":false,"pivot":{"x":74.8880615234375,"y":0.9807116985321045,"z":74.867431640625},"rotation":{"x":0.19819656014442445,"y":0.6494942903518677,"z":-0.18685036897659303,"w":0.7106422781944275},"size":5.846729278564453,"orthographic":false}