{"cameraMode":{"drawMode":0,"name":"Shaded","section":"Shading Mode"},"sceneLighting":false,"audioPlay":false,"sceneViewState":{"showFog":true,"showMaterialUpdate":false,"showSkybox":false,"showFlares":true,"showImageEffects":true,"showParticleSystems":true},"in2DMode":false,"pivot":{"x":-2.7376694679260256,"y":14.007761001586914,"z":2.948070526123047},"rotation":{"x":0.14986766874790193,"y":0.44538500905036929,"z":-0.07715962827205658,"w":0.8797330260276794},"size":18.027318954467775,"orthographic":false}