{"cameraMode":{"drawMode":0,"name":"Shaded","section":"Shading Mode"},"sceneLighting":false,"audioPlay":false,"sceneViewState":{"showFog":true,"showMaterialUpdate":false,"showSkybox":false,"showFlares":true,"showImageEffects":true,"showParticleSystems":true},"in2DMode":false,"pivot":{"x":-1.1719703674316407,"y":10.02808666229248,"z":0.2596473693847656},"rotation":{"x":0.10592719912528992,"y":0.49178358912467959,"z":-0.06162477284669876,"w":0.8624680042266846},"size":11.579556465148926,"orthographic":false}