{"cameraMode":{"drawMode":0,"name":"Shaded","section":"Shading Mode"},"sceneLighting":false,"audioPlay":false,"sceneViewState":{"showFog":true,"showMaterialUpdate":false,"showSkybox":false,"showFlares":true,"showImageEffects":true,"showParticleSystems":true},"in2DMode":false,"pivot":{"x":-1.3507059812545777,"y":9.997096061706543,"z":13.658787727355957},"rotation":{"x":0.00018669477140065283,"y":0.9987947940826416,"z":0.03921794146299362,"w":-0.03956938162446022},"size":-0.24498802423477174,"orthographic":false}