{"cameraMode":{"drawMode":0,"name":"Shaded","section":"Shading Mode"},"sceneLighting":false,"audioPlay":false,"sceneViewState":{"showFog":true,"showMaterialUpdate":false,"showSkybox":false,"showFlares":true,"showImageEffects":true,"showParticleSystems":true},"in2DMode":false,"pivot":{"x":2.7739343643188478,"y":1.6118730306625367,"z":-0.10709652304649353},"rotation":{"x":-0.011191821657121182,"y":-0.7202227115631104,"z":0.01187045406550169,"w":-0.6940171718597412},"size":7.402438640594482,"orthographic":false}