{"cameraMode":{"drawMode":0,"name":"Shaded","section":"Shading Mode"},"sceneLighting":false,"audioPlay":false,"sceneViewState":{"showFog":true,"showMaterialUpdate":false,"showSkybox":false,"showFlares":true,"showImageEffects":true,"showParticleSystems":true},"in2DMode":false,"pivot":{"x":6.603999614715576,"y":10.890000343322754,"z":21.812911987304689},"rotation":{"x":-0.00037186036934144795,"y":0.9969886541366577,"z":-0.08023907244205475,"w":-0.002502542221918702},"size":22.0,"orthographic":false}