{"cameraMode":{"drawMode":0,"name":"Shaded","section":"Shading Mode"},"sceneLighting":false,"audioPlay":false,"sceneViewState":{"showFog":true,"showMaterialUpdate":false,"showSkybox":false,"showFlares":true,"showImageEffects":true,"showParticleSystems":true},"in2DMode":false,"pivot":{"x":75.1096420288086,"y":0.86517333984375,"z":70.2987289428711},"rotation":{"x":-0.0001990009332075715,"y":0.9923204779624939,"z":-0.12550537288188935,"w":-0.000502477923873812},"size":22.471168518066408,"orthographic":false}