{"cameraMode":{"drawMode":0,"name":"Shaded","section":"Shading Mode"},"sceneLighting":false,"audioPlay":false,"sceneViewState":{"showFog":true,"showMaterialUpdate":false,"showSkybox":false,"showFlares":true,"showImageEffects":true,"showParticleSystems":true},"in2DMode":false,"pivot":{"x":-2.5574965476989748,"y":1.9196186065673829,"z":1.059999942779541},"rotation":{"x":-0.18408341705799104,"y":0.34563782811164858,"z":-0.06898684054613114,"w":-0.9178987145423889},"size":7.219843864440918,"orthographic":false}