{"cameraMode":{"drawMode":0,"name":"Shaded","section":"Shading Mode"},"sceneLighting":false,"audioPlay":false,"sceneViewState":{"showFog":true,"showMaterialUpdate":false,"showSkybox":false,"showFlares":true,"showImageEffects":true,"showParticleSystems":true},"in2DMode":false,"pivot":{"x":0.07000002264976502,"y":0.5166631937026978,"z":0.29445183277130129},"rotation":{"x":-0.09608285129070282,"y":0.7106289267539978,"z":-0.0988854467868805,"w":-0.6900261044502258},"size":5.7157673835754398,"orthographic":false}