{"cameraMode":{"drawMode":0,"name":"Shaded","section":"Shading Mode"},"sceneLighting":false,"audioPlay":false,"sceneViewState":{"showFog":true,"showMaterialUpdate":false,"showSkybox":false,"showFlares":true,"showImageEffects":true,"showParticleSystems":true},"in2DMode":false,"pivot":{"x":-2.3140945434570314,"y":4.048998832702637,"z":1.0599957704544068},"rotation":{"x":0.054156456142663959,"y":0.02401956357061863,"z":0.0017175027169287205,"w":-0.9985703229904175},"size":6.803201675415039,"orthographic":false}