{"cameraMode":{"drawMode":0,"name":"Shaded","section":"Shading Mode"},"sceneLighting":false,"audioPlay":false,"sceneViewState":{"showFog":true,"showMaterialUpdate":false,"showSkybox":false,"showFlares":true,"showImageEffects":true,"showParticleSystems":true},"in2DMode":false,"pivot":{"x":75.1096420288086,"y":0.86517333984375,"z":70.2987289428711},"rotation":{"x":-0.06503240764141083,"y":0.9076000452041626,"z":-0.15227562189102174,"w":-0.3863965570926666},"size":40.8792610168457,"orthographic":false}