{"cameraMode":{"drawMode":0,"name":"Shaded","section":"Shading Mode"},"sceneLighting":true,"audioPlay":false,"sceneViewState":{"showFog":true,"showMaterialUpdate":false,"showSkybox":true,"showFlares":true,"showImageEffects":true,"showParticleSystems":true},"in2DMode":false,"pivot":{"x":-16.718341827392579,"y":8.810613632202149,"z":5.047309875488281},"rotation":{"x":-0.078183613717556,"y":-0.035288531333208087,"z":0.0027682085055857898,"w":-0.996329665184021},"size":81.72637176513672,"orthographic":false}