{"cameraMode":{"drawMode":0,"name":"Shaded","section":"Shading Mode"},"sceneLighting":false,"audioPlay":false,"sceneViewState":{"showFog":true,"showMaterialUpdate":false,"showSkybox":false,"showFlares":true,"showImageEffects":true,"showParticleSystems":true},"in2DMode":false,"pivot":{"x":539.948974609375,"y":206.47422790527345,"z":22.21747398376465},"rotation":{"x":-0.10063215345144272,"y":0.014023041352629662,"z":-0.0014324277872219682,"w":-0.9948422908782959},"size":2.997460126876831,"orthographic":false}